{"Hackathon": 9.112257690774136, "Workshop": 11.940024092049901, "Talk": 19.63810586124402}